country,year,suicides_no,hdi,gdp_per_capita ($)
Albania,1992,47,0.61,251
Albania,1993,73,0.613,437
Albania,1994,50,0.619,697
Albania,1995,86,0.632,835
Albania,1996,88,0.641,1127
Albania,1997,170,0.641,793
Albania,1998,154,0.652,899
Albania,1999,139,0.662,1127
Albania,2000,54,0.669,1299
Albania,2001,117,0.676,1451
Albania,2002,132,0.682,1573
Albania,2003,124,0.689,2021
Albania,2004,145,0.694,2544
Albania,2005,0,0.704,2931
Albania,2006,0,0.711,3235
Albania,2007,124,0.72,3863
Albania,2008,159,0.724,4672
Albania,2009,0,0.729,4387
Albania,2010,96,0.741,4359
Antigua and Barbuda,2005,0,0.766,12649
Antigua and Barbuda,2006,0,0.772,14114
Antigua and Barbuda,2007,1,0.778,15775
Antigua and Barbuda,2008,0,0.777,16238
Antigua and Barbuda,2009,0,0.77,14335
Antigua and Barbuda,2012,0,0.765,13657
Antigua and Barbuda,2013,0,0.768,13287
Antigua and Barbuda,2014,0,0.77,14093
Antigua and Barbuda,2015,1,0.775,14853
Argentina,1985,1977,0.694,3264
Argentina,1990,2126,0.704,4859
Argentina,1991,1942,0.713,6404
Argentina,1992,2171,0.72,7615
Argentina,1993,2214,0.725,7768
Argentina,1994,2230,0.728,8328
Argentina,1995,2189,0.731,8232
Argentina,1996,2220,0.738,8563
Argentina,1997,2173,0.746,9057
Argentina,1998,2331,0.753,9126
Argentina,1999,2403,0.764,8546
Argentina,2000,2756,0.771,8462
Argentina,2001,3108,0.776,7900
Argentina,2002,3139,0.769,2840
Argentina,2003,3264,0.775,3668
Argentina,2004,3096,0.78,4683
Argentina,2005,3037,0.782,5590
Argentina,2006,3082,0.787,6475
Argentina,2007,2912,0.792,7918
Argentina,2008,3039,0.795,9843
Argentina,2009,2856,0.799,8961
Argentina,2010,2923,0.813,11273
Argentina,2011,2884,0.819,13946
Argentina,2012,3231,0.818,14203
Argentina,2013,2954,0.82,14206
Argentina,2014,3197,0.82,13400
Argentina,2015,3054,0.822,14981
Armenia,1990,93,0.631,756
Armenia,1991,80,0.628,640
Armenia,1992,83,0.58,385
Armenia,1993,106,0.588,357
Armenia,1994,111,0.599,387
Armenia,1995,130,0.605,426
Armenia,1996,87,0.612,458
Armenia,1997,77,0.623,465
Armenia,1998,66,0.636,532
Armenia,1999,67,0.642,515
Armenia,2000,61,0.647,530
Armenia,2001,60,0.652,587
Armenia,2002,74,0.663,788
Armenia,2003,59,0.672,928
Armenia,2006,78,0.706,2310
Armenia,2007,71,0.72,3366
Armenia,2008,63,0.727,3829
Armenia,2009,53,0.724,3215
Armenia,2010,72,0.728,3460
Armenia,2011,67,0.731,3798
Armenia,2012,79,0.737,3773
Armenia,2013,67,0.742,3957
Armenia,2014,58,0.745,4142
Armenia,2015,74,0.748,3775
Armenia,2016,66,0.749,3788
Australia,1990,2202,0.866,19665
Australia,1991,2285,0.867,20320
Australia,1992,2249,0.868,20050
Australia,1993,2036,0.872,19030
Australia,1994,2282,0.875,19469
Australia,1995,2170,0.883,21902
Australia,1996,2419,0.886,23526
Australia,1997,2639,0.889,25234
Australia,1998,2630,0.892,22897
Australia,1999,2482,0.895,22016
Australia,2000,2390,0.898,23219
Australia,2001,2454,0.9,20860
Australia,2002,2315,0.903,21474
Australia,2003,2149,0.904,25059
Australia,2004,2113,0.907,32454
Australia,2006,2116,0.911,39014
Australia,2007,2225,0.915,43171
Australia,2008,2338,0.92,52315
Australia,2009,2337,0.921,45128
Australia,2010,2416,0.923,54887
Australia,2011,2385,0.925,66770
Australia,2012,2574,0.929,72669
Australia,2013,2602,0.931,72856
Australia,2014,2885,0.933,66809
Australia,2015,3021,0.936,60656
Austria,1985,2089,0.764,9759
Austria,1990,1824,0.795,23020
Austria,1991,1769,0.8,23808
Austria,1992,1758,0.805,26450
Austria,1993,1700,0.807,25611
Austria,1994,1771,0.813,27274
Austria,1995,1788,0.817,32237
Austria,1996,1779,0.82,31660
Austria,1997,1591,0.824,28325
Austria,1998,1557,0.835,28972
Austria,1999,1554,0.834,28722
Austria,2000,1584,0.838,25922
Austria,2001,1488,0.849,25848
Austria,2002,1551,0.838,27772
Austria,2003,1456,0.842,33889
Austria,2004,1422,0.849,38711
Austria,2005,1398,0.855,40367
Austria,2006,1297,0.861,42698
Austria,2007,1285,0.881,49218
Austria,2008,1265,0.884,54294
Austria,2009,1275,0.886,50356
Austria,2010,1263,0.895,49181
Austria,2011,1287,0.897,53923
Austria,2012,1275,0.899,50979
Austria,2013,1290,0.897,53229
Austria,2014,1314,0.901,54278
Austria,2015,1250,0.903,46484
Austria,2016,1183,0.906,46976
Azerbaijan,1995,49,0.612,462
Azerbaijan,1996,69,0.612,476
Azerbaijan,1997,107,0.617,590
Azerbaijan,1998,56,0.626,631
Azerbaijan,1999,54,0.633,645
Azerbaijan,2000,62,0.64,711
Azerbaijan,2001,310,0.648,759
Azerbaijan,2002,92,0.657,820
Azerbaijan,2003,128,0.666,948
Azerbaijan,2004,108,0.674,1122
Azerbaijan,2007,55,0.709,4172
Bahamas,2000,11,0.776,29942
Bahamas,2001,1,0.779,30122
Bahamas,2002,3,0.781,31432
Bahamas,2003,1,0.782,30704
Bahamas,2004,2,0.784,30671
Bahamas,2005,4,0.786,32596
Bahamas,2006,2,0.788,32957
Bahamas,2007,5,0.789,33710
Bahamas,2008,4,0.79,32746
Bahamas,2009,6,0.787,30450
Bahamas,2010,10,0.789,30239
Bahamas,2011,4,0.793,29761
Bahamas,2012,5,0.807,31204
Bahamas,2013,5,0.807,30455
Bahrain,1985,11,0.727,9980
Bahrain,1997,0,0.779,11985
Bahrain,1998,0,0.783,11325
Bahrain,1999,17,0.786,11703
Bahrain,2000,29,0.792,15345
Bahrain,2001,23,0.792,14383
Bahrain,2002,25,0.791,14572
Bahrain,2003,34,0.793,15756
Bahrain,2004,42,0.792,17497
Bahrain,2005,42,0.791,19485
Bahrain,2006,28,0.793,20826
Bahrain,2007,40,0.796,22524
Bahrain,2008,43,0.796,25106
Bahrain,2009,36,0.794,20988
Bahrain,2010,19,0.796,22572
Bahrain,2011,18,0.798,26078
Bahrain,2012,19,0.8,25587
Bahrain,2013,5,0.807,26793
Bahrain,2014,9,0.81,27503
Barbados,1985,7,0.7,6137
Barbados,1990,16,0.716,8537
Barbados,1991,17,0.718,8469
Barbados,1992,14,0.718,8129
Barbados,1993,16,0.721,8540
Barbados,1994,14,0.727,8953
Barbados,1995,17,0.731,9378
Barbados,2000,10,0.752,12430
Barbados,2001,2,0.751,12348
Barbados,2002,0,0.754,12511
Barbados,2003,0,0.759,12887
Barbados,2004,3,0.762,13786
Barbados,2005,1,0.767,15230
Barbados,2006,9,0.772,16531
Barbados,2007,0,0.777,17528
Barbados,2008,1,0.781,17760
Barbados,2009,5,0.783,17007
Barbados,2010,3,0.782,17034
Barbados,2011,0,0.787,17708
Barbados,2012,0,0.795,17620
Barbados,2013,0,0.796,17395
Belarus,1995,3200,0.657,1444
Belarus,1996,3624,0.661,1524
Belarus,1997,3524,0.667,1458
Belarus,1998,3551,0.671,1570
Belarus,1999,3393,0.676,1269
Belarus,2000,3477,0.683,1335
Belarus,2001,3301,0.689,1299
Belarus,2002,3286,0.696,1541
Belarus,2003,3453,0.705,1892
Belarus,2007,2656,0.757,4898
Belarus,2008,2656,0.774,6601
Belarus,2009,2740,0.784,5366
Belarus,2010,2458,0.792,6371
Belarus,2011,2171,0.798,6902
Belarus,2013,1901,0.804,8477
Belarus,2014,1739,0.807,8849
Belgium,1985,2280,0.774,9356
Belgium,1990,1895,0.806,22032
Belgium,1991,1804,0.81,22523
Belgium,1992,1878,0.825,25036
Belgium,1993,2141,0.839,23875
Belgium,1994,2130,0.845,25922
Belgium,1995,2152,0.852,30394
Belgium,1996,2011,0.857,29438
Belgium,1997,2146,0.862,26609
Belgium,1998,2017,0.866,27087
Belgium,1999,1855,0.868,26969
Belgium,2000,2142,0.873,24592
Belgium,2001,2161,0.876,24494
Belgium,2002,2074,0.879,26526
Belgium,2003,2087,0.882,32538
Belgium,2004,1984,0.885,37661
Belgium,2005,2029,0.889,39124
Belgium,2006,1934,0.896,41135
Belgium,2007,1856,0.899,47040
Belgium,2008,1996,0.899,51345
Belgium,2009,2009,0.899,47630
Belgium,2010,2011,0.903,47355
Belgium,2011,2088,0.904,50893
Belgium,2012,2023,0.905,47678
Belgium,2013,1893,0.908,49489
Belgium,2014,1899,0.909,50173
Belgium,2015,1865,0.913,42830
Belize,1990,3,0.644,2614
Belize,1991,2,0.651,2742
Belize,1993,1,0.661,3278
Belize,1994,8,0.661,3399
Belize,1995,14,0.662,3436
Belize,1996,8,0.662,3545
Belize,1997,1,0.664,3487
Belize,1998,12,0.666,3531
Belize,1999,18,0.67,3615
Belize,2000,18,0.677,3960
Belize,2001,19,0.679,4013
Belize,2002,14,0.685,4161
Belize,2003,12,0.692,4289
Belize,2004,20,0.696,4449
Belize,2005,12,0.693,4547
Belize,2006,11,0.7,4815
Belize,2007,8,0.699,4951
Belize,2008,11,0.7,5098
Belize,2009,15,0.699,4841
Belize,2010,15,0.699,4923
Belize,2011,33,0.702,5098
Belize,2012,18,0.706,5264
Belize,2013,17,0.705,5272
Belize,2014,24,0.706,5448
Belize,2015,26,0.709,5561
Bosnia and Herzegovina,2011,5,0.721,5076
Bosnia and Herzegovina,2014,313,0.754,5079
Brazil,1985,4193,0.576,1898
Brazil,1990,4771,0.611,3516
Brazil,1991,5121,0.615,4490
Brazil,1992,5171,0.622,2924
Brazil,1993,5477,0.63,3136
Brazil,1994,5850,0.64,3925
Brazil,1995,6500,0.648,5313
Brazil,1996,6648,0.656,5771
Brazil,1997,6838,0.664,5891
Brazil,1998,6875,0.67,5663
Brazil,1999,6470,0.676,3864
Brazil,2000,6721,0.684,4156
Brazil,2001,7657,0.691,3492
Brazil,2002,7642,0.698,3121
Brazil,2003,7794,0.695,3376
Brazil,2004,7947,0.698,3984
Brazil,2005,8477,0.7,5230
Brazil,2006,8557,0.702,6403
Brazil,2007,8804,0.705,7970
Brazil,2008,9135,0.716,9555
Brazil,2009,9294,0.718,9283
Brazil,2010,9381,0.727,12161
Brazil,2011,9775,0.731,14245
Brazil,2012,10254,0.736,13283
Brazil,2013,10463,0.748,13191
Brazil,2014,10569,0.752,12975
Brazil,2015,11107,0.757,9431
Bulgaria,1985,1454,0.686,2044
Bulgaria,1990,1321,0.694,2451
Bulgaria,1991,1378,0.691,1298
Bulgaria,1992,1515,0.691,1287
Bulgaria,1993,1467,0.69,1354
Bulgaria,1994,1460,0.691,1213
Bulgaria,1995,1427,0.696,1636
Bulgaria,1996,1519,0.702,1270
Bulgaria,1997,1458,0.704,1411
Bulgaria,1998,1500,0.709,1852
Bulgaria,1999,1304,0.708,1715
Bulgaria,2000,1383,0.712,1680
Bulgaria,2001,1310,0.722,1854
Bulgaria,2002,1314,0.729,2157
Bulgaria,2003,1086,0.738,2800
Bulgaria,2004,1010,0.745,3485
Bulgaria,2005,979,0.75,4003
Bulgaria,2006,977,0.756,4638
Bulgaria,2007,902,0.764,6073
Bulgaria,2008,938,0.771,7487
Bulgaria,2009,868,0.774,7186
Bulgaria,2010,859,0.779,7066
Bulgaria,2011,763,0.782,8137
Bulgaria,2012,872,0.786,7745
Bulgaria,2013,720,0.792,8057
Bulgaria,2014,724,0.797,8241
Cape Verde,2011,42,0.635,4124
Canada,1985,3253,0.827,15522
Canada,1990,3371,0.849,24041
Canada,1991,3584,0.853,24038
Canada,1992,3700,0.856,22393
Canada,1993,3785,0.854,21421
Canada,1994,3736,0.859,21219
Canada,1995,3947,0.861,21871
Canada,1996,3932,0.863,22686
Canada,1997,3669,0.862,23245
Canada,1998,3683,0.861,22268
Canada,1999,4067,0.864,23572
Canada,2000,3589,0.867,25589
Canada,2001,3681,0.872,25165
Canada,2002,3633,0.877,25570
Canada,2003,3757,0.882,29787
Canada,2004,3602,0.887,33787
Canada,2005,3724,0.892,38218
Canada,2006,3499,0.895,42566
Canada,2007,3596,0.897,46890
Canada,2008,3696,0.899,49041
Canada,2009,3878,0.899,42933
Canada,2010,3938,0.902,49974
Canada,2011,3715,0.905,54841
Canada,2012,3909,0.908,55347
Canada,2013,4039,0.911,55310
Chile,1985,682,0.654,1658
Chile,1990,740,0.701,2828
Chile,1991,782,0.711,3187
Chile,1992,658,0.719,3791
Chile,1993,740,0.713,4006
Chile,1994,799,0.718,4551
Chile,1995,926,0.727,5695
Chile,1996,913,0.734,5946
Chile,1997,906,0.741,6368
Chile,1998,1027,0.747,6023
Chile,1999,1040,0.753,5470
Chile,2000,1467,0.759,5584
Chile,2001,1615,0.766,5020
Chile,2002,1598,0.768,4866
Chile,2003,1650,0.774,5208
Chile,2004,1730,0.783,6744
Chile,2005,1668,0.788,8256
Chile,2006,1789,0.788,10270
Chile,2007,1839,0.795,11387
Chile,2008,2074,0.806,11653
Chile,2009,2137,0.804,11062
Chile,2010,1991,0.808,13874
Chile,2011,2015,0.814,15854
Chile,2012,1834,0.819,16617
Chile,2013,1730,0.828,17140
Chile,2014,1780,0.833,15883
Chile,2015,1829,0.84,14729
Colombia,1985,991,0.573,1393
Colombia,1990,858,0.592,1346
Colombia,1991,1001,0.595,1348
Colombia,1992,1085,0.606,1664
Colombia,1993,1085,0.612,1845
Colombia,1994,1185,0.619,2646
Colombia,1995,1140,0.625,2796
Colombia,1996,1192,0.634,2883
Colombia,1997,1225,0.642,3106
Colombia,1998,2049,0.649,2814
Colombia,1999,2140,0.649,2419
Colombia,2000,2321,0.653,2755
Colombia,2001,2377,0.656,2662
Colombia,2002,2375,0.658,2613
Colombia,2003,2234,0.657,2489
Colombia,2004,2203,0.671,3033
Colombia,2005,2074,0.683,3742
Colombia,2006,2173,0.691,4095
Colombia,2007,2178,0.704,5150
Colombia,2008,2215,0.71,5971
Colombia,2009,2246,0.715,5643
Colombia,2010,2091,0.719,6836
Colombia,2011,2040,0.725,7885
Colombia,2012,2086,0.725,8586
Colombia,2013,2063,0.735,8731
Colombia,2014,2099,0.738,8591
Colombia,2015,2293,0.742,6552
Costa Rica,1985,128,0.623,2145
Costa Rica,1990,156,0.656,2817
Costa Rica,1991,125,0.661,2651
Costa Rica,1992,149,0.67,3070
Costa Rica,1993,164,0.677,3342
Costa Rica,1994,162,0.682,3562
Costa Rica,1995,209,0.687,3672
Costa Rica,1996,209,0.691,3639
Costa Rica,1997,185,0.697,3827
Costa Rica,1998,221,0.703,4046
Costa Rica,1999,233,0.707,4115
Costa Rica,2000,238,0.711,4233
Costa Rica,2001,198,0.714,4412
Costa Rica,2002,275,0.717,4485
Costa Rica,2003,315,0.721,4583
Costa Rica,2004,323,0.725,4850
Costa Rica,2005,272,0.728,5133
Costa Rica,2006,345,0.734,5716
Costa Rica,2007,270,0.742,6661
Costa Rica,2008,260,0.75,7517
Costa Rica,2009,278,0.752,7403
Costa Rica,2010,311,0.754,8906
Costa Rica,2011,314,0.76,9978
Costa Rica,2012,302,0.772,10832
Costa Rica,2013,310,0.776,11443
Costa Rica,2014,265,0.78,11485
Croatia,1995,928,0.696,4978
Croatia,1996,998,0.709,5610
Croatia,1997,944,0.719,5546
Croatia,1998,1027,0.731,6015
Croatia,1999,988,0.739,5459
Croatia,2000,926,0.75,5288
Croatia,2001,880,0.759,5571
Croatia,2002,874,0.766,6373
Croatia,2003,864,0.771,8202
Croatia,2004,870,0.778,9829
Croatia,2005,874,0.783,10722
Croatia,2006,795,0.793,11914
Croatia,2007,773,0.8,14204
Croatia,2008,792,0.803,16680
Croatia,2009,790,0.802,14872
Croatia,2010,776,0.808,14232
Croatia,2011,702,0.815,14890
Croatia,2012,775,0.816,13952
Croatia,2013,692,0.821,14362
Croatia,2014,722,0.824,14299
Croatia,2015,738,0.827,12351
Croatia,2016,677,0.828,12905
Cuba,1992,2294,0.663,2227
Cuba,1993,2371,0.656,2236
Cuba,1994,2277,0.652,2820
Cuba,1995,2221,0.654,2993
Cuba,1996,2012,0.665,2443
Cuba,1997,2024,0.669,2472
Cuba,1998,2054,0.672,2497
Cuba,1999,2046,0.679,2741
Cuba,2000,1842,0.686,2940
Cuba,2001,1649,0.692,3037
Cuba,2002,1605,0.694,3205
Cuba,2003,1498,0.704,3409
Cuba,2004,1513,0.718,3611
Cuba,2005,1394,0.731,4017
Cuba,2006,1375,0.753,4951
Cuba,2007,1307,0.77,5488
Cuba,2008,1376,0.78,5686
Cuba,2009,1476,0.782,5797
Cuba,2010,1554,0.779,5997
Cuba,2011,1526,0.778,6419
Cuba,2012,1493,0.767,6791
Cuba,2013,1495,0.765,7148
Cuba,2014,1451,0.768,7459
Cuba,2015,1511,0.772,8044
Cyprus,1999,1,0.799,12389
Cyprus,2000,7,0.802,11635
Cyprus,2004,7,0.828,25227
Cyprus,2005,17,0.831,26671
Cyprus,2006,19,0.837,28600
Cyprus,2007,19,0.846,33048
Cyprus,2008,41,0.852,37267
Cyprus,2009,32,0.856,33816
Cyprus,2010,38,0.85,32477
Cyprus,2011,30,0.853,34249
Cyprus,2012,36,0.852,30752
Cyprus,2013,45,0.853,29624
Cyprus,2014,44,0.856,29024
Cyprus,2015,40,0.86,24718
Cyprus,2016,36,0.867,25098
Czech Republic,1990,1996,0.73,4168
Czech Republic,1991,1903,0.726,3070
Czech Republic,1992,1991,0.728,3573
Czech Republic,1993,1917,0.735,4186
Czech Republic,1994,1870,0.744,4891
Czech Republic,1995,1729,0.753,6134
Czech Republic,1996,1567,0.768,6861
Czech Republic,1997,1665,0.774,6314
Czech Republic,1998,1610,0.775,6779
Czech Republic,1999,1610,0.785,6606
Czech Republic,2000,1645,0.796,6278
Czech Republic,2001,1621,0.806,6863
Czech Republic,2002,1533,0.813,8399
Czech Republic,2003,1716,0.822,10220
Czech Republic,2004,1580,0.825,12226
Czech Republic,2005,1563,0.835,13961
Czech Republic,2006,1400,0.843,15896
Czech Republic,2007,1379,0.85,19273
Czech Republic,2008,1378,0.854,23811
Czech Republic,2009,1463,0.857,20748
Czech Republic,2010,1502,0.862,20862
Czech Republic,2011,1590,0.865,23010
Czech Republic,2012,1657,0.865,20898
Czech Republic,2013,1575,0.874,21073
Czech Republic,2014,1488,0.879,20859
Czech Republic,2015,1385,0.882,18703
Czech Republic,2016,1296,0.885,19505
Denmark,1994,999,0.824,32034
Denmark,1995,924,0.831,37841
Denmark,1996,892,0.837,38158
Denmark,1997,817,0.843,35148
Denmark,1998,763,0.849,35710
Denmark,1999,762,0.861,35763
Denmark,2000,728,0.863,32841
Denmark,2001,727,0.876,32837
Denmark,2002,688,0.883,35435
Denmark,2003,633,0.894,43129
Denmark,2004,659,0.898,49552
Denmark,2005,631,0.903,51960
Denmark,2006,649,0.905,55354
Denmark,2007,581,0.904,62229
Denmark,2008,602,0.909,68447
Denmark,2009,621,0.906,61863
Denmark,2010,563,0.91,61711
Denmark,2011,589,0.922,65598
Denmark,2012,661,0.924,62071
Denmark,2013,609,0.931,64831
Denmark,2014,628,0.928,66114
Denmark,2015,564,0.926,55972
Ecuador,1985,389,0.631,2238
Ecuador,1990,443,0.643,1732
Ecuador,1991,491,0.646,1869
Ecuador,1992,498,0.65,1955
Ecuador,1993,567,0.654,1996
Ecuador,1994,509,0.658,2335
Ecuador,1995,540,0.662,2453
Ecuador,1996,586,0.664,2474
Ecuador,1997,578,0.668,2701
Ecuador,1998,543,0.671,2626
Ecuador,1999,615,0.668,1805
Ecuador,2000,533,0.67,1650
Ecuador,2001,569,0.675,2160
Ecuador,2002,576,0.679,2472
Ecuador,2003,664,0.682,2755
Ecuador,2004,780,0.688,3051
Ecuador,2005,941,0.693,3397
Ecuador,2006,871,0.696,3759
Ecuador,2007,1003,0.698,4024
Ecuador,2008,927,0.711,4787
Ecuador,2009,944,0.712,4762
Ecuador,2010,894,0.715,5206
Ecuador,2011,906,0.721,5836
Ecuador,2012,963,0.726,6364
Ecuador,2013,656,0.734,6769
Ecuador,2014,733,0.742,7116
Ecuador,2015,1046,0.743,6832
El Salvador,1990,570,0.529,1068
El Salvador,1991,473,0.534,1148
El Salvador,1992,413,0.546,1266
El Salvador,1993,420,0.557,1423
El Salvador,1995,616,0.577,1845
El Salvador,1996,540,0.585,1959
El Salvador,1997,576,0.595,2065
El Salvador,1998,512,0.604,2185
El Salvador,1999,510,0.607,2229
El Salvador,2000,459,0.615,2303
El Salvador,2001,513,0.62,2373
El Salvador,2002,436,0.628,2421
El Salvador,2003,524,0.635,2507
El Salvador,2004,462,0.643,2573
El Salvador,2005,451,0.651,2733
El Salvador,2006,407,0.659,2947
El Salvador,2007,496,0.656,3111
El Salvador,2008,488,0.659,3271
El Salvador,2009,503,0.659,3184
El Salvador,2010,398,0.671,3318
El Salvador,2011,482,0.666,3631
El Salvador,2012,508,0.67,3806
El Salvador,2013,484,0.671,3885
El Salvador,2014,384,0.67,3965
Estonia,1995,594,0.727,3224
Estonia,1996,545,0.738,3536
Estonia,1997,522,0.751,3806
Estonia,1998,476,0.763,4250
Estonia,1999,468,0.769,4361
Estonia,2000,377,0.78,4262
Estonia,2001,401,0.79,4711
Estonia,2002,370,0.799,5561
Estonia,2003,341,0.806,7523
Estonia,2004,323,0.814,9293
Estonia,2005,273,0.825,10870
Estonia,2006,247,0.832,13264
Estonia,2007,251,0.839,17504
Estonia,2008,241,0.841,19141
Estonia,2009,269,0.839,15609
Estonia,2010,223,0.845,15540
Estonia,2011,218,0.853,18545
Estonia,2012,237,0.859,18411
Estonia,2013,218,0.862,20221
Estonia,2014,241,0.864,21117
Estonia,2015,194,0.866,18149
Fiji,2001,36,0.687,2307
Fiji,2002,42,0.689,2548
Fiji,2003,10,0.691,3192
Fiji,2004,24,0.699,3744
Fiji,2005,22,0.695,4104
Fiji,2006,24,0.698,4206
Fiji,2007,13,0.702,4570
Fiji,2008,37,0.703,4675
Fiji,2009,26,0.707,3765
Fiji,2011,38,0.717,4862
Fiji,2012,32,0.719,5073
Finland,1990,1512,0.784,30271
Finland,1991,1493,0.787,27214
Finland,1992,1450,0.795,23857
Finland,1993,1396,0.799,18826
Finland,1994,1386,0.809,21699
Finland,1995,1388,0.816,28068
Finland,1996,1244,0.823,27508
Finland,1997,1321,0.832,26296
Finland,1998,1226,0.84,27646
Finland,1999,1206,0.848,27800
Finland,2000,1165,0.858,25716
Finland,2001,1203,0.864,26383
Finland,2002,1095,0.867,28390
Finland,2003,1073,0.87,34701
Finland,2004,1063,0.891,39793
Finland,2005,994,0.895,41202
Finland,2006,1061,0.899,43487
Finland,2007,995,0.901,51089
Finland,2008,1031,0.904,56521
Finland,2009,1034,0.899,49878
Finland,2010,954,0.903,48939
Finland,2011,912,0.907,53809
Finland,2012,873,0.908,50232
Finland,2013,886,0.912,52572
Finland,2014,788,0.914,52832
Finland,2015,731,0.915,44862
France,1985,12495,0.741,10765
France,1990,11398,0.779,23968
France,1991,11498,0.788,23821
France,1992,11641,0.798,26136
France,1993,12246,0.804,24521
France,1994,12035,0.818,25697
France,1995,11813,0.825,29363
France,1996,11277,0.83,29305
France,1997,11128,0.834,26394
France,1998,10525,0.839,27190
France,1999,10259,0.845,27118
France,2000,10841,0.849,24648
France,2001,10438,0.851,24796
France,2002,10629,0.853,26714
France,2003,10865,0.857,32656
France,2004,10799,0.86,37240
France,2005,10705,0.869,38420
France,2006,10415,0.874,40097
France,2007,10121,0.876,45682
France,2008,10347,0.878,49901
France,2009,10488,0.878,45775
France,2010,10362,0.882,44747
France,2011,10395,0.884,48217
France,2012,9732,0.886,45002
France,2013,9589,0.889,46922
France,2014,8869,0.894,47318
Georgia,2000,130,0.673,734
Georgia,2001,100,0.678,777
Georgia,2004,172,0.701,1253
Georgia,2005,87,0.712,1552
Georgia,2006,71,0.718,1859
Georgia,2007,104,0.73,2448
Georgia,2009,187,0.731,2589
Georgia,2010,112,0.735,2775
Georgia,2011,99,0.741,3435
Georgia,2012,104,0.75,3772
Georgia,2013,156,0.757,3850
Georgia,2014,194,0.765,4757
Georgia,2015,192,0.771,4046
Germany,1990,13915,0.801,23546
Germany,1991,14005,0.809,24662
Germany,1992,13446,0.814,27888
Germany,1993,12677,0.824,26937
Germany,1994,12701,0.829,28588
Germany,1995,12874,0.834,33420
Germany,1996,12212,0.839,32147
Germany,1997,12248,0.844,28420
Germany,1998,11638,0.85,28733
Germany,1999,11151,0.855,28154
Germany,2000,11065,0.868,24922
Germany,2001,11156,0.877,24874
Germany,2002,11168,0.883,26441
Germany,2003,11149,0.889,31816
Germany,2004,10734,0.897,35772
Germany,2005,10262,0.903,36289
Germany,2006,9766,0.911,38088
Germany,2007,9400,0.915,43667
Germany,2008,9453,0.917,47702
Germany,2009,9570,0.917,43570
Germany,2010,10024,0.921,43614
Germany,2011,10144,0.926,47947
Germany,2012,9887,0.928,45142
Germany,2013,10085,0.928,48563
Germany,2014,10209,0.93,50167
Germany,2015,10082,0.933,43201
Greece,1985,405,0.741,5156
Greece,1990,349,0.753,10179
Greece,1991,381,0.763,10816
Greece,1992,351,0.764,11818
Greece,1993,411,0.762,10957
Greece,1994,355,0.766,11638
Greece,1995,370,0.768,13550
Greece,1996,356,0.772,14330
Greece,1997,374,0.777,13968
Greece,1998,403,0.787,14008
Greece,1999,381,0.789,13756
Greece,2000,382,0.796,12509
Greece,2001,333,0.806,13043
Greece,2002,323,0.818,14676
Greece,2003,375,0.825,19202
Greece,2004,353,0.835,22804
Greece,2005,400,0.845,23414
Greece,2006,394,0.851,25739
Greece,2007,328,0.849,29896
Greece,2008,373,0.857,33168
Greece,2009,391,0.858,30785
Greece,2010,377,0.856,27886
Greece,2011,477,0.852,26825
Greece,2012,508,0.854,23309
Greece,2013,533,0.856,22994
Greece,2014,565,0.864,22834
Greece,2015,529,0.866,18927
Grenada,2002,0,0.702,5879
Grenada,2003,4,0.711,6385
Grenada,2004,1,0.713,6428
Grenada,2005,6,0.727,7422
Grenada,2006,1,0.729,7423
Grenada,2007,3,0.735,8035
Grenada,2008,0,0.739,8733
Grenada,2009,0,0.738,8140
Grenada,2010,0,0.743,8118
Grenada,2011,1,0.747,8188
Grenada,2012,2,0.749,8382
Grenada,2013,0,0.754,8789
Grenada,2014,0,0.761,9456
Grenada,2015,0,0.767,10290
Grenada,2016,0,0.77,10838
Guatemala,1990,158,0.478,996
Guatemala,1991,156,0.483,1194
Guatemala,1992,173,0.49,1294
Guatemala,1993,165,0.495,1381
Guatemala,1994,142,0.5,1538
Guatemala,1995,208,0.507,1696
Guatemala,1996,157,0.515,1775
Guatemala,1997,179,0.523,1967
Guatemala,1998,197,0.531,2091
Guatemala,1999,234,0.539,1926
Guatemala,2000,182,0.546,1977
Guatemala,2001,202,0.554,1867
Guatemala,2002,257,0.56,2022
Guatemala,2003,253,0.564,2079
Guatemala,2004,250,0.567,2215
Guatemala,2005,238,0.571,2450
Guatemala,2006,294,0.579,2653
Guatemala,2007,324,0.59,2914
Guatemala,2008,492,0.598,3252
Guatemala,2009,511,0.604,3053
Guatemala,2010,352,0.611,3260
Guatemala,2011,354,0.619,3661
Guatemala,2012,411,0.613,3779
Guatemala,2013,455,0.616,3947
Guatemala,2014,512,0.643,4210
Guatemala,2015,483,0.645,4472
Guyana,1990,89,0.538,607
Guyana,1991,105,0.533,514
Guyana,1992,77,0.548,561
Guyana,1993,72,0.562,671
Guyana,1994,86,0.572,819
Guyana,1995,99,0.578,939
Guyana,1996,60,0.589,1070
Guyana,1997,40,0.594,1139
Guyana,1998,35,0.597,1092
Guyana,1999,162,0.6,1057
Guyana,2001,197,0.607,1054
Guyana,2002,176,0.609,1090
Guyana,2003,196,0.605,1116
Guyana,2004,184,0.611,1180
Guyana,2005,169,0.614,1235
Guyana,2006,201,0.614,2182
Guyana,2007,184,0.618,2602
Guyana,2008,168,0.621,2873
Guyana,2009,155,0.624,3076
Guyana,2010,205,0.63,3384
Guyana,2011,189,0.639,3815
Guyana,2012,206,0.642,4212
Guyana,2013,210,0.645,4372
Hungary,1991,3991,0.701,3561
Hungary,1993,3693,0.719,4116
Hungary,1994,3624,0.733,4431
Hungary,1995,3366,0.741,4767
Hungary,1996,3435,0.746,4792
Hungary,1997,3206,0.747,4856
Hungary,1998,3245,0.754,5010
Hungary,1999,3325,0.761,5147
Hungary,2000,3266,0.769,4966
Hungary,2001,2977,0.777,5546
Hungary,2002,2836,0.784,6995
Hungary,2003,2800,0.792,8840
Hungary,2004,2740,0.795,10806
Hungary,2005,2619,0.804,11764
Hungary,2006,2460,0.811,12021
Hungary,2007,2450,0.813,14609
Hungary,2008,2476,0.818,16540
Hungary,2009,2457,0.818,13697
Hungary,2010,2488,0.823,13761
Hungary,2011,2417,0.827,14827
Hungary,2012,2349,0.83,13525
Hungary,2013,2092,0.835,14333
Hungary,2014,1925,0.833,14886
Hungary,2015,1867,0.834,13087
Hungary,2016,1747,0.835,13448
Iceland,1985,32,0.776,13357
Iceland,1990,40,0.802,27316
Iceland,1991,37,0.815,28857
Iceland,1992,28,0.818,29311
Iceland,1993,26,0.818,25474
Iceland,1994,25,0.823,25937
Iceland,1995,27,0.826,28680
Iceland,1996,33,0.831,29740
Iceland,1997,33,0.84,30326
Iceland,1998,30,0.849,33513
Iceland,1999,31,0.853,34858
Iceland,2000,50,0.86,34372
Iceland,2001,36,0.866,30850
Iceland,2002,30,0.875,34556
Iceland,2003,26,0.881,42174
Iceland,2004,35,0.885,50528
Iceland,2005,33,0.889,60712
Iceland,2006,32,0.891,60243
Iceland,2007,37,0.897,73590
Iceland,2008,38,0.89,59489
Iceland,2009,36,0.89,43700
Iceland,2010,46,0.891,45179
Iceland,2011,27,0.901,49861
Iceland,2012,37,0.909,48083
Iceland,2013,49,0.92,51749
Iceland,2014,44,0.925,56833
Iceland,2015,40,0.927,54909
Iceland,2016,40,0.933,64708
Ireland,1985,276,0.742,6638
Ireland,1990,334,0.763,15312
Ireland,1991,345,0.767,15328
Ireland,1992,362,0.773,17051
Ireland,1993,326,0.781,15872
Ireland,1994,394,0.789,17188
Ireland,1995,401,0.795,20689
Ireland,1996,408,0.801,22478
Ireland,1997,466,0.809,24259
Ireland,1998,497,0.84,26115
Ireland,1999,423,0.849,28344
Ireland,2000,463,0.857,28340
Ireland,2001,488,0.863,30536
Ireland,2002,448,0.871,35154
Ireland,2003,452,0.88,44473
Ireland,2004,464,0.89,51662
Ireland,2005,450,0.896,55213
Ireland,2006,450,0.902,58941
Ireland,2007,457,0.908,67032
Ireland,2008,506,0.908,67173
Ireland,2009,526,0.906,57390
Ireland,2010,483,0.909,52042
Ireland,2011,554,0.895,56655
Ireland,2012,541,0.902,53443
Ireland,2013,487,0.911,56628
Ireland,2014,486,0.921,59634
Israel,1985,234,0.768,7325
Israel,1990,304,0.792,14193
Israel,1991,359,0.8,15267
Israel,1992,380,0.807,16469
Israel,1993,371,0.812,16102
Israel,1994,414,0.818,17814
Israel,1995,359,0.823,20159
Israel,1996,306,0.828,21545
Israel,1997,379,0.835,21921
Israel,1998,317,0.843,21637
Israel,1999,368,0.85,21319
Israel,2000,394,0.853,23451
Israel,2001,397,0.857,22623
Israel,2002,382,0.865,20536
Israel,2003,417,0.865,21133
Israel,2004,410,0.868,22168
Israel,2005,424,0.872,22901
Israel,2006,367,0.872,24306
Israel,2007,326,0.881,27712
Israel,2008,352,0.88,32874
Israel,2009,403,0.882,30812
Israel,2010,478,0.887,34104
Israel,2011,409,0.892,37528
Israel,2012,430,0.893,36263
Israel,2013,372,0.895,40477
Israel,2014,381,0.899,41869
Israel,2015,341,0.901,39793
Italy,1985,4754,0.738,8329
Italy,1990,4396,0.769,21472
Italy,1991,4451,0.774,22805
Italy,1992,4540,0.78,24297
Italy,1993,4687,0.786,19605
Italy,1994,4526,0.794,20235
Italy,1995,4568,0.8,21625
Italy,1996,4683,0.806,24172
Italy,1997,4689,0.814,22869
Italy,1998,4503,0.819,23342
Italy,1999,4112,0.824,23002
Italy,2000,4106,0.83,21027
Italy,2001,4027,0.837,21392
Italy,2002,4064,0.842,23227
Italy,2003,4071,0.847,28572
Italy,2004,3983,0.852,32704
Italy,2005,3740,0.857,33536
Italy,2006,3700,0.862,34578
Italy,2007,3753,0.866,38935
Italy,2008,3902,0.868,41935
Italy,2009,3972,0.868,38101
Italy,2010,3988,0.87,36869
Italy,2011,4151,0.875,40210
Italy,2012,4253,0.874,36497
Italy,2013,4286,0.876,37050
Italy,2014,4142,0.874,37035
Italy,2015,3982,0.876,31537
Jamaica,1985,8,0.65,1032
Jamaica,1990,3,0.638,2155
Jamaica,1991,1,0.639,1889
Jamaica,2000,3,0.662,3795
Jamaica,2001,5,0.673,3838
Jamaica,2002,2,0.677,4013
Jamaica,2003,2,0.673,3852
Jamaica,2004,1,0.691,4119
Jamaica,2005,51,0.695,4505
Jamaica,2006,0,0.7,4738
Jamaica,2009,36,0.709,4686
Jamaica,2010,3,0.712,5100
Jamaica,2011,50,0.715,5552
Japan,1985,23231,0.791,12401
Japan,1990,19985,0.816,26949
Japan,1991,19766,0.821,30688
Japan,1992,20724,0.824,33320
Japan,1993,20335,0.829,37832
Japan,1994,20723,0.835,41563
Japan,1995,21226,0.84,46043
Japan,1996,21944,0.845,40693
Japan,1997,23261,0.848,37080
Japan,1998,31430,0.847,33791
Japan,1999,31086,0.85,38164
Japan,2000,29973,0.855,40813
Japan,2001,29110,0.859,35843
Japan,2002,29703,0.862,34239
Japan,2003,31849,0.865,36926
Japan,2004,30012,0.869,39960
Japan,2005,30353,0.873,39412
Japan,2006,29749,0.877,37534
Japan,2007,30649,0.88,37408
Japan,2008,30055,0.881,41773
Japan,2009,30502,0.88,43415
Japan,2010,29390,0.885,47059
Japan,2011,28744,0.89,50919
Japan,2012,26318,0.895,51379
Japan,2013,25957,0.899,42781
Japan,2014,24323,0.903,40328
Japan,2015,23064,0.905,36510
Kazakhstan,1990,3165,0.69,1823
Kazakhstan,1991,3071,0.684,1664
Kazakhstan,1993,3999,0.675,1527
Kazakhstan,1994,4008,0.667,1395
Kazakhstan,1995,4691,0.664,1359
Kazakhstan,1996,4763,0.666,1452
Kazakhstan,1997,4626,0.669,1540
Kazakhstan,1998,4302,0.672,1599
Kazakhstan,1999,3981,0.676,1225
Kazakhstan,2000,4410,0.685,1328
Kazakhstan,2001,4356,0.7,1608
Kazakhstan,2002,4220,0.713,1788
Kazakhstan,2003,4305,0.725,2232
Kazakhstan,2004,4380,0.737,3110
Kazakhstan,2005,3879,0.747,4096
Kazakhstan,2006,4052,0.754,5770
Kazakhstan,2007,4111,0.759,7423
Kazakhstan,2008,3978,0.759,9387
Kazakhstan,2009,3812,0.763,8024
Kazakhstan,2010,3584,0.765,10062
Kazakhstan,2011,3380,0.772,12969
Kazakhstan,2012,3233,0.781,13845
Kazakhstan,2013,3485,0.788,15552
Kazakhstan,2014,3101,0.793,14351
Kazakhstan,2015,2859,0.797,11784
Kiribati,2000,0,0.552,928
Kiribati,2001,0,0.567,854
Kuwait,1985,17,0.732,14607
Kuwait,1993,18,0.695,18798
Kuwait,1994,30,0.721,17161
Kuwait,1995,26,0.747,17995
Kuwait,1996,30,0.772,20076
Kuwait,1997,33,0.775,18766
Kuwait,1998,35,0.781,14209
Kuwait,1999,46,0.786,15864
Kuwait,2000,34,0.786,19112
Kuwait,2001,30,0.786,17116
Kuwait,2002,45,0.788,17668
Kuwait,2003,44,0.791,24544
Kuwait,2004,45,0.789,29778
Kuwait,2005,52,0.783,39166
Kuwait,2006,45,0.788,46890
Kuwait,2007,51,0.788,37283
Kuwait,2008,47,0.789,43746
Kuwait,2009,61,0.79,33453
Kuwait,2010,39,0.792,35171
Kuwait,2011,41,0.794,46203
Kuwait,2012,56,0.796,49781
Kuwait,2013,41,0.795,48729
Kuwait,2014,68,0.799,43774
Kyrgyzstan,1990,543,0.618,715
Kyrgyzstan,1991,540,0.611,677
Kyrgyzstan,1992,487,0.601,603
Kyrgyzstan,1993,560,0.588,528
Kyrgyzstan,1994,576,0.569,437
Kyrgyzstan,1995,602,0.563,425
Kyrgyzstan,1996,477,0.568,459
Kyrgyzstan,1997,495,0.576,435
Kyrgyzstan,1998,506,0.58,398
Kyrgyzstan,1999,554,0.587,291
Kyrgyzstan,2000,508,0.594,313
Kyrgyzstan,2001,558,0.602,345
Kyrgyzstan,2002,565,0.604,359
Kyrgyzstan,2003,477,0.611,424
Kyrgyzstan,2004,433,0.615,484
Kyrgyzstan,2005,464,0.616,533
Kyrgyzstan,2006,458,0.621,610
Kyrgyzstan,2007,472,0.628,814
Kyrgyzstan,2008,473,0.631,1096
Kyrgyzstan,2009,454,0.636,977
Kyrgyzstan,2010,496,0.636,991
Kyrgyzstan,2011,466,0.639,1273
Kyrgyzstan,2012,521,0.649,1339
Kyrgyzstan,2013,435,0.658,1463
Kyrgyzstan,2014,453,0.663,1465
Kyrgyzstan,2015,410,0.666,1285
Latvia,1995,1023,0.673,2438
Latvia,1996,922,0.68,2526
Latvia,1997,884,0.692,2771
Latvia,1998,838,0.705,3061
Latvia,1999,763,0.716,3228
Latvia,2000,769,0.728,3494
Latvia,2001,708,0.745,3724
Latvia,2002,670,0.76,4311
Latvia,2003,603,0.774,5364
Latvia,2004,563,0.788,6644
Latvia,2005,563,0.802,7916
Latvia,2006,487,0.809,10139
Latvia,2007,452,0.818,14758
Latvia,2008,526,0.821,17217
Latvia,2009,516,0.818,12890
Latvia,2010,438,0.816,11951
Latvia,2011,440,0.821,14447
Latvia,2012,444,0.824,14558
Latvia,2013,383,0.833,15820
Latvia,2014,382,0.838,16544
Latvia,2015,387,0.841,14382
Lithuania,1995,1692,0.703,2324
Lithuania,1996,1721,0.712,2484
Lithuania,1997,1629,0.724,3008
Lithuania,1998,1552,0.736,3354
Lithuania,1999,1549,0.744,3292
Lithuania,2000,1631,0.756,3481
Lithuania,2001,1532,0.768,3719
Lithuania,2002,1550,0.779,4360
Lithuania,2003,1453,0.791,5778
Lithuania,2004,1379,0.798,7028
Lithuania,2005,1318,0.809,8229
Lithuania,2006,1048,0.817,9667
Lithuania,2007,1021,0.825,12869
Lithuania,2008,1111,0.831,15669
Lithuania,2009,1136,0.822,12412
Lithuania,2010,1017,0.824,12584
Lithuania,2011,1017,0.828,15097
Lithuania,2012,927,0.831,15099
Lithuania,2013,1083,0.836,16538
Lithuania,2014,928,0.851,17442
Lithuania,2015,894,0.852,15073
Lithuania,2016,816,0.855,15742
Luxembourg,1985,55,0.752,13743
Luxembourg,1990,68,0.782,36871
Luxembourg,1991,77,0.79,39465
Luxembourg,1992,59,0.795,43740
Luxembourg,1993,64,0.799,44320
Luxembourg,1994,74,0.803,48610
Luxembourg,1995,63,0.808,56499
Luxembourg,1996,72,0.817,56169
Luxembourg,1997,81,0.826,50260
Luxembourg,1998,64,0.834,50788
Luxembourg,1999,70,0.849,55054
Luxembourg,2000,62,0.855,51841
Luxembourg,2001,73,0.861,51391
Luxembourg,2002,85,0.863,56484
Luxembourg,2003,48,0.864,69768
Luxembourg,2004,62,0.872,80639
Luxembourg,2005,49,0.878,85397
Luxembourg,2006,65,0.881,95351
Luxembourg,2007,78,0.888,112581
Luxembourg,2008,43,0.89,121315
Luxembourg,2009,48,0.883,109483
Luxembourg,2010,54,0.889,111328
Luxembourg,2011,55,0.892,122729
Luxembourg,2012,51,0.892,113120
Luxembourg,2013,40,0.892,120423
Luxembourg,2014,67,0.895,126352
Luxembourg,2015,64,0.899,107456
Maldives,2000,0,0.606,2524
Maldives,2001,3,0.61,3406
Maldives,2002,3,0.615,3401
Maldives,2003,4,0.63,3867
Maldives,2004,1,0.635,4373
Maldives,2005,1,0.631,4026
Maldives,2007,5,0.651,6115
Maldives,2008,0,0.66,7236
Maldives,2010,1,0.671,7806
Maldives,2011,2,0.682,8135
Malta,1985,2,0.713,3639
Malta,1990,8,0.74,7780
Malta,1991,10,0.745,8313
Malta,1992,18,0.749,9040
Malta,1993,16,0.753,8022
Malta,1994,15,0.756,8775
Malta,1995,17,0.759,9974
Malta,1996,10,0.763,10254
Malta,1997,15,0.768,10575
Malta,1998,12,0.776,11103
Malta,1999,27,0.78,11607
Malta,2000,23,0.783,11873
Malta,2001,30,0.788,11691
Malta,2002,19,0.792,12524
Malta,2003,20,0.8,14444
Malta,2004,24,0.809,15916
Malta,2005,19,0.824,16648
Malta,2006,26,0.822,17504
Malta,2007,26,0.827,20333
Malta,2008,14,0.829,23007
Malta,2009,36,0.83,21695
Malta,2010,31,0.843,22132
Malta,2011,20,0.843,23984
Malta,2012,25,0.849,23074
Malta,2013,22,0.856,25191
Malta,2014,32,0.862,27634
Malta,2015,34,0.871,25750
Mauritius,1985,104,0.575,1223
Mauritius,1990,147,0.619,2820
Mauritius,1991,137,0.626,3045
Mauritius,1992,145,0.633,3400
Mauritius,1993,138,0.638,3405
Mauritius,1994,129,0.643,3658
Mauritius,1995,146,0.648,4115
Mauritius,1996,153,0.652,4444
Mauritius,1997,122,0.656,4139
Mauritius,1998,155,0.662,4063
Mauritius,1999,174,0.667,4117
Mauritius,2000,137,0.673,4339
Mauritius,2001,112,0.682,4244
Mauritius,2002,131,0.687,4415
Mauritius,2003,88,0.695,5136
Mauritius,2004,97,0.704,5789
Mauritius,2005,102,0.713,5641
Mauritius,2006,118,0.72,6246
Mauritius,2007,127,0.728,7179
Mauritius,2008,84,0.734,8716
Mauritius,2009,114,0.741,7873
Mauritius,2010,98,0.749,8587
Mauritius,2011,118,0.758,9817
Mauritius,2012,114,0.767,9884
Mauritius,2013,98,0.772,10572
Mauritius,2014,120,0.782,11120
Mauritius,2015,104,0.782,10125
Mauritius,2016,98,0.788,10570
Mexico,1985,1524,0.634,2730
Mexico,1990,1916,0.65,3595
Mexico,1991,2085,0.654,4204
Mexico,1992,2216,0.658,4830
Mexico,1993,2322,0.663,6518
Mexico,1994,2562,0.67,6735
Mexico,1995,2850,0.669,4505
Mexico,1996,2979,0.677,4904
Mexico,1997,3320,0.683,5864
Mexico,1998,3276,0.69,6064
Mexico,1999,3287,0.695,6800
Mexico,2000,3413,0.702,7892
Mexico,2001,3699,0.705,8311
Mexico,2002,3763,0.71,8357
Mexico,2003,4018,0.717,7779
Mexico,2004,4006,0.724,8217
Mexico,2005,4217,0.728,9071
Mexico,2006,4169,0.736,9906
Mexico,2007,4232,0.739,10496
Mexico,2008,4569,0.742,10864
Mexico,2009,5017,0.743,8651
Mexico,2010,4851,0.743,9991
Mexico,2011,5552,0.751,10965
Mexico,2012,5373,0.757,10982
Mexico,2013,5645,0.756,11478
Mexico,2014,6170,0.761,11663
Mexico,2015,6223,0.767,10228
Mongolia,2016,422,0.743,4145
Montenegro,2003,0,0.741,2946
Montenegro,2004,0,0.748,3565
Montenegro,2005,118,0.753,3870
Montenegro,2006,0,0.764,4654
Montenegro,2007,121,0.775,6268
Montenegro,2008,126,0.786,7705
Montenegro,2009,107,0.788,7023
Netherlands,1985,1636,0.799,10428
Netherlands,1990,1448,0.829,22425
Netherlands,1991,1611,0.834,22906
Netherlands,1992,1586,0.835,25205
Netherlands,1993,1553,0.839,24385
Netherlands,1994,1583,0.864,25997
Netherlands,1995,1510,0.861,30850
Netherlands,1996,1576,0.866,30625
Netherlands,1997,1572,0.865,28156
Netherlands,1998,1516,0.867,29351
Netherlands,1999,1514,0.87,29799
Netherlands,2000,1501,0.876,27644
Netherlands,2001,1473,0.879,28366
Netherlands,2002,1568,0.878,30757
Netherlands,2003,1501,0.883,37614
Netherlands,2004,1512,0.886,42614
Netherlands,2005,1572,0.891,44289
Netherlands,2006,1524,0.897,47281
Netherlands,2007,1350,0.904,54418
Netherlands,2008,1439,0.906,60375
Netherlands,2009,1528,0.906,54988
Netherlands,2010,1603,0.91,53302
Netherlands,2011,1649,0.921,56667
Netherlands,2012,1754,0.921,52334
Netherlands,2013,1853,0.923,54510
Netherlands,2014,1838,0.924,55325
Netherlands,2015,1872,0.926,47206
Netherlands,2016,1851,0.928,48108
New Zealand,1985,336,0.805,8246
New Zealand,1990,455,0.818,14734
New Zealand,1991,474,0.82,13345
New Zealand,1992,492,0.825,12868
New Zealand,1993,442,0.836,14271
New Zealand,1994,510,0.845,16615
New Zealand,1995,543,0.851,18945
New Zealand,1996,537,0.854,20434
New Zealand,1997,559,0.86,19041
New Zealand,1998,570,0.863,16052
New Zealand,1999,513,0.865,16556
New Zealand,2000,457,0.869,14725
New Zealand,2001,507,0.873,14968
New Zealand,2002,467,0.881,18208
New Zealand,2003,518,0.884,23663
New Zealand,2004,493,0.886,27325
New Zealand,2005,514,0.888,29803
New Zealand,2006,525,0.891,28628
New Zealand,2007,493,0.894,34892
New Zealand,2008,518,0.894,33585
New Zealand,2009,508,0.898,30259
New Zealand,2010,533,0.899,36145
New Zealand,2011,490,0.902,41184
New Zealand,2012,544,0.905,42756
New Zealand,2013,513,0.907,46198
Nicaragua,2010,351,0.621,1715
Nicaragua,2011,369,0.627,1888
Nicaragua,2012,310,0.633,2006
Nicaragua,2013,351,0.639,2062
Nicaragua,2014,308,0.649,2199
Nicaragua,2015,315,0.652,2303
Norway,1990,659,0.85,30240
Norway,1991,674,0.856,30678
Norway,1992,615,0.862,32793
Norway,1993,588,0.87,30066
Norway,1994,529,0.885,31520
Norway,1995,546,0.883,37483
Norway,1996,514,0.888,40098
Norway,1997,533,0.894,39335
Norway,1998,548,0.906,37334
Norway,1999,582,0.911,39013
Norway,2000,541,0.917,41099
Norway,2001,549,0.916,41281
Norway,2002,494,0.918,46049
Norway,2003,499,0.924,53533
Norway,2004,529,0.934,61450
Norway,2005,532,0.932,71215
Norway,2006,532,0.936,79007
Norway,2007,485,0.938,90797
Norway,2008,505,0.938,103431
Norway,2009,572,0.938,85394
Norway,2010,548,0.942,93638
Norway,2011,595,0.943,107430
Norway,2012,514,0.942,108408
Norway,2013,554,0.946,109804
Norway,2014,547,0.946,103443
Norway,2015,588,0.948,79187
Oman,2009,13,0.789,18557
Oman,2010,13,0.793,21337
Oman,2014,7,0.815,22328
Panama,1985,56,0.648,3443
Panama,1996,113,0.694,3992
Panama,1997,145,0.7,4227
Panama,1998,148,0.708,4488
Panama,1999,142,0.713,4606
Panama,2000,143,0.719,4577
Panama,2001,162,0.722,4558
Panama,2002,158,0.728,4641
Panama,2003,195,0.73,4790
Panama,2004,186,0.735,5144
Panama,2005,172,0.739,5499
Panama,2006,185,0.744,5972
Panama,2007,171,0.751,6876
Panama,2008,184,0.755,7972
Panama,2009,177,0.756,8436
Panama,2010,151,0.758,8991
Panama,2011,144,0.764,10403
Panama,2012,135,0.771,11908
Panama,2013,130,0.776,13189
Panama,2014,146,0.781,14181
Panama,2015,110,0.781,15158
Paraguay,1985,63,0.564,964
Paraguay,1990,99,0.58,1600
Paraguay,1991,75,0.585,1907
Paraguay,1994,106,0.6,1981
Paraguay,1995,118,0.606,2223
Paraguay,1996,99,0.613,2341
Paraguay,1997,126,0.618,2326
Paraguay,1998,138,0.622,2057
Paraguay,1999,161,0.625,1868
Paraguay,2000,152,0.624,1782
Paraguay,2001,148,0.632,1630
Paraguay,2002,177,0.642,1315
Paraguay,2003,174,0.64,1339
Paraguay,2004,228,0.646,1598
Paraguay,2005,239,0.649,1704
Paraguay,2006,251,0.649,2038
Paraguay,2007,227,0.655,2599
Paraguay,2008,220,0.664,3438
Paraguay,2009,283,0.659,2920
Paraguay,2010,221,0.675,3619
Paraguay,2011,298,0.68,4474
Paraguay,2012,268,0.68,4319
Paraguay,2013,315,0.695,5006
Paraguay,2014,379,0.698,5254
Philippines,1992,347,0.589,958
Philippines,1993,846,0.591,957
Philippines,1997,808,0.611,1312
Philippines,1998,873,0.615,1124
Philippines,1999,1036,0.62,1262
Philippines,2000,1389,0.624,1205
Philippines,2001,1196,0.628,1109
Philippines,2002,1286,0.633,1158
Philippines,2003,1530,0.637,1169
Philippines,2006,1760,0.651,1599
Philippines,2007,1685,0.657,1915
Philippines,2008,1798,0.661,2188
Philippines,2009,2058,0.659,2073
Philippines,2010,2099,0.665,2412
Philippines,2011,2420,0.67,2662
Poland,1990,4963,0.712,1876
Poland,1991,5308,0.711,2416
Poland,1992,5710,0.714,2650
Poland,1993,5618,0.725,2683
Poland,1994,5514,0.734,3081
Poland,1995,5493,0.74,3937
Poland,1996,5434,0.748,4413
Poland,1999,5775,0.778,4640
Poland,2000,5832,0.785,4744
Poland,2001,5852,0.791,5249
Poland,2002,5915,0.799,5466
Poland,2003,5831,0.804,5983
Poland,2004,6062,0.802,7014
Poland,2005,6038,0.808,8417
Poland,2006,5792,0.814,9485
Poland,2007,5272,0.819,11816
Poland,2008,5674,0.824,14721
Poland,2009,6464,0.828,12141
Poland,2010,6351,0.835,13304
Poland,2011,6109,0.839,14686
Poland,2012,6364,0.836,13894
Poland,2013,6211,0.85,14552
Poland,2014,5930,0.842,15119
Poland,2015,5413,0.855,13228
Portugal,1985,979,0.676,2912
Portugal,1990,870,0.711,8356
Portugal,1991,941,0.72,9483
Portugal,1992,866,0.732,11445
Portugal,1993,779,0.745,10098
Portugal,1994,762,0.753,10566
Portugal,1995,808,0.76,12469
Portugal,1996,653,0.767,12887
Portugal,1997,627,0.773,12237
Portugal,1998,556,0.78,12892
Portugal,1999,544,0.779,13180
Portugal,2000,524,0.785,12152
Portugal,2001,760,0.79,12391
Portugal,2002,1208,0.792,13614
Portugal,2003,1156,0.796,16671
Portugal,2007,1020,0.81,24003
Portugal,2008,1038,0.814,26121
Portugal,2009,1025,0.817,24254
Portugal,2010,1098,0.822,23673
Portugal,2011,1017,0.826,24337
Portugal,2012,1076,0.829,21573
Portugal,2013,1052,0.837,22641
Portugal,2014,1222,0.839,23091
Qatar,1995,0,0.784,17559
Qatar,2001,23,0.811,32510
Qatar,2004,21,0.826,45517
Qatar,2005,17,0.831,55899
Qatar,2006,29,0.827,64762
Qatar,2007,41,0.83,71460
Qatar,2008,33,0.835,87961
Qatar,2009,44,0.833,64911
Qatar,2010,47,0.825,74055
Qatar,2011,50,0.836,90490
Qatar,2012,43,0.844,93270
Qatar,2013,37,0.854,93066
Qatar,2014,55,0.853,91587
Qatar,2015,66,0.854,69937
Qatar,2016,68,0.855,62484
South Korea,1985,3676,0.68,2731
South Korea,1990,3145,0.728,7056
South Korea,1991,3053,0.739,8145
South Korea,1992,3510,0.746,8671
South Korea,1993,4102,0.756,9479
South Korea,1994,4186,0.767,11073
South Korea,1995,4811,0.778,13217
South Korea,1996,5822,0.789,14071
South Korea,1997,5993,0.8,12978
South Korea,1998,8538,0.797,8624
South Korea,1999,7044,0.808,11074
South Korea,2000,6434,0.817,12686
South Korea,2001,6898,0.824,11922
South Korea,2002,8597,0.832,13501
South Korea,2003,10883,0.839,14971
South Korea,2004,11471,0.847,16708
South Korea,2005,11990,0.855,19460
South Korea,2006,10638,0.862,21753
South Korea,2007,12149,0.869,23982
South Korea,2008,12835,0.874,21278
South Korea,2009,15363,0.869,19036
South Korea,2010,15531,0.884,22994
South Korea,2011,15880,0.888,25157
South Korea,2012,14139,0.89,25464
South Korea,2013,14410,0.893,27060
South Korea,2014,13823,0.896,29120
South Korea,2015,13496,0.898,28410
Romania,1990,2076,0.701,1822
Romania,1991,2159,0.686,1351
Romania,1992,2646,0.678,1183
Romania,1993,2772,0.678,1237
Romania,1994,2882,0.681,1406
Romania,1995,2789,0.687,1756
Romania,1996,2826,0.695,1738
Romania,1997,2855,0.696,1677
Romania,1998,2838,0.698,1967
Romania,1999,2732,0.704,1698
Romania,2000,2830,0.709,1758
Romania,2001,2715,0.715,1914
Romania,2002,3056,0.724,2231
Romania,2003,2886,0.734,2898
Romania,2004,2717,0.746,3698
Romania,2005,2599,0.755,4847
Romania,2006,2720,0.767,6018
Romania,2007,2423,0.781,8593
Romania,2008,2465,0.795,10454
Romania,2009,2576,0.798,8465
Romania,2010,2761,0.797,8190
Romania,2011,2533,0.798,9086
Romania,2012,2490,0.795,9015
Romania,2013,2401,0.8,10080
Romania,2014,2206,0.802,10526
Romania,2015,2224,0.805,9431
Romania,2016,1939,0.807,10020
Russia,1990,38976,0.734,3789
Russia,1991,39216,0.729,3773
Russia,1992,45847,0.718,3333
Russia,1993,55753,0.71,3160
Russia,1994,61345,0.702,2853
Russia,1995,60470,0.7,2844
Russia,1996,57433,0.701,2813
Russia,1997,54670,0.704,2907
Russia,1998,51439,0.703,1948
Russia,1999,56876,0.709,1412
Russia,2000,56516,0.72,1879
Russia,2001,56844,0.727,2229
Russia,2002,54941,0.732,2527
Russia,2003,51366,0.74,3141
Russia,2004,49023,0.746,4312
Russia,2005,45733,0.752,5611
Russia,2006,42539,0.759,7313
Russia,2007,41080,0.767,9643
Russia,2008,38121,0.774,12359
Russia,2009,37330,0.771,9118
Russia,2010,33292,0.78,11307
Russia,2011,30971,0.789,15226
Russia,2012,29578,0.798,16413
Russia,2013,28636,0.804,17052
Russia,2014,26497,0.807,15319
Russia,2015,25375,0.813,9987
Saint Lucia,2000,14,0.69,5557
Saint Lucia,2001,7,0.687,5195
Saint Lucia,2002,12,0.689,5155
Saint Lucia,2003,10,0.692,5599
Saint Lucia,2004,8,0.695,5989
Saint Lucia,2005,4,0.7,6292
Saint Lucia,2006,2,0.711,7391
Saint Lucia,2008,0,0.719,8122
Saint Lucia,2009,13,0.724,7902
Saint Lucia,2010,4,0.731,8557
Saint Lucia,2011,8,0.734,8826
Saint Lucia,2012,10,0.73,8764
Saint Lucia,2013,14,0.733,9041
Saint Lucia,2014,14,0.737,9372
Saint Vincent and the Grenadines,2000,5,0.673,4087
Saint Vincent and the Grenadines,2001,8,0.677,4418
Saint Vincent and the Grenadines,2002,7,0.682,4723
Saint Vincent and the Grenadines,2003,4,0.689,4902
Saint Vincent and the Grenadines,2004,4,0.692,5286
Saint Vincent and the Grenadines,2005,8,0.697,5556
Saint Vincent and the Grenadines,2006,6,0.704,6142
Saint Vincent and the Grenadines,2007,11,0.709,6539
Saint Vincent and the Grenadines,2008,4,0.71,6966
Saint Vincent and the Grenadines,2009,1,0.713,6754
Saint Vincent and the Grenadines,2010,5,0.715,6809
Saint Vincent and the Grenadines,2011,5,0.717,6759
Saint Vincent and the Grenadines,2012,10,0.718,6918
Saint Vincent and the Grenadines,2013,0,0.721,7183
Saint Vincent and the Grenadines,2014,2,0.72,7203
Saint Vincent and the Grenadines,2015,3,0.72,7496
Serbia,1998,1459,0.708,2547
Serbia,1999,1568,0.704,2570
Serbia,2000,1539,0.711,915
Serbia,2001,1442,0.716,1718
Serbia,2002,1446,0.72,2258
Serbia,2003,1378,0.726,2979
Serbia,2004,1345,0.734,3508
Serbia,2005,1437,0.742,3719
Serbia,2006,1443,0.747,4353
Serbia,2007,1353,0.751,5748
Serbia,2008,1289,0.757,7049
Serbia,2009,1373,0.759,6116
Serbia,2010,1207,0.759,5682
Serbia,2011,1255,0.769,6734
Serbia,2012,1243,0.768,5933
Serbia,2013,1197,0.771,6662
Serbia,2014,1134,0.775,6500
Serbia,2015,1061,0.78,5492
Seychelles,2001,6,0.714,8257
Seychelles,2002,5,0.716,9070
Seychelles,2003,8,0.717,9001
Seychelles,2004,6,0.715,10526
Seychelles,2005,5,0.73,11361
Seychelles,2006,8,0.72,12442
Seychelles,2007,6,0.741,12554
Seychelles,2008,4,0.741,11667
Seychelles,2009,4,0.741,10157
Seychelles,2010,6,0.747,11563
Seychelles,2011,5,0.741,13204
Seychelles,2012,3,0.77,13044
Seychelles,2013,9,0.779,16090
Seychelles,2014,4,0.786,16018
Seychelles,2015,7,0.791,16005
Singapore,1990,353,0.718,14393
Singapore,1991,296,0.729,17768
Singapore,1992,276,0.74,20029
Singapore,1993,270,0.751,22835
Singapore,1994,315,0.763,27202
Singapore,1995,364,0.773,31783
Singapore,1996,238,0.782,34148
Singapore,1997,302,0.793,34779
Singapore,1998,328,0.798,29150
Singapore,1999,275,0.809,28789
Singapore,2000,308,0.819,31446
Singapore,2001,303,0.822,28774
Singapore,2002,321,0.83,29048
Singapore,2003,318,0.838,30067
Singapore,2004,334,0.845,34799
Singapore,2005,359,0.868,38122
Singapore,2006,371,0.871,43318
Singapore,2007,328,0.878,53098
Singapore,2008,319,0.883,55735
Singapore,2009,347,0.884,54413
Singapore,2010,296,0.909,66099
Singapore,2011,308,0.914,76638
Singapore,2012,391,0.92,80040
Singapore,2013,357,0.923,83151
Singapore,2014,354,0.928,84442
Singapore,2015,328,0.929,81766
Slovakia,1992,794,0.733,3143
Slovakia,1993,738,0.737,3334
Slovakia,1994,690,0.743,4036
Slovakia,1995,730,0.751,5141
Slovakia,1996,670,0.754,5529
Slovakia,1997,630,0.757,5468
Slovakia,1998,673,0.763,5871
Slovakia,1999,692,0.762,5966
Slovakia,2000,728,0.764,5696
Slovakia,2001,692,0.764,6020
Slovakia,2002,717,0.771,6869
Slovakia,2003,753,0.777,9138
Slovakia,2004,676,0.785,11177
Slovakia,2005,679,0.794,12229
Slovakia,2006,0,0.803,13763
Slovakia,2007,0,0.814,16815
Slovakia,2008,591,0.822,19530
Slovakia,2009,601,0.824,17299
Slovakia,2010,630,0.829,17387
Slovakia,2012,571,0.842,18256
Slovakia,2013,616,0.844,19226
Slovakia,2014,554,0.845,19679
Slovenia,1995,563,0.782,11291
Slovenia,1996,605,0.788,11346
Slovenia,1997,592,0.796,11014
Slovenia,1998,611,0.805,11767
Slovenia,1999,590,0.819,12041
Slovenia,2000,588,0.825,10783
Slovenia,2001,581,0.835,10979
Slovenia,2002,540,0.843,12362
Slovenia,2003,562,0.85,15568
Slovenia,2004,510,0.857,18067
Slovenia,2005,503,0.861,19012
Slovenia,2006,529,0.869,20634
Slovenia,2007,434,0.873,24964
Slovenia,2008,408,0.878,28599
Slovenia,2009,447,0.878,25872
Slovenia,2010,414,0.882,24689
Slovenia,2011,435,0.884,26377
Slovenia,2012,440,0.877,23820
Slovenia,2013,446,0.885,24697
Slovenia,2014,388,0.887,25569
Slovenia,2015,422,0.889,22036
South Africa,1996,143,0.647,3908
South Africa,1997,104,0.644,3960
South Africa,1998,178,0.639,3512
South Africa,1999,277,0.634,3424
South Africa,2000,266,0.63,3361
South Africa,2001,384,0.61,2953
South Africa,2002,235,0.617,2769
South Africa,2003,253,0.615,4132
South Africa,2004,380,0.613,5323
South Africa,2005,454,0.614,5914
South Africa,2006,507,0.616,6166
South Africa,2007,415,0.621,6708
South Africa,2008,438,0.633,6573
South Africa,2009,370,0.642,6517
South Africa,2010,391,0.649,8128
South Africa,2011,357,0.657,8906
South Africa,2012,480,0.664,8347
South Africa,2013,580,0.675,7612
South Africa,2014,577,0.685,7174
South Africa,2015,476,0.692,6403
Spain,1985,2513,0.725,5009
Spain,1990,2933,0.754,14517
Spain,1991,2911,0.764,15574
Spain,1992,2783,0.772,17005
Spain,1993,3035,0.782,14106
Spain,1994,3169,0.791,14223
Spain,1995,3156,0.8,16444
Spain,1996,3315,0.806,17166
Spain,1997,3368,0.81,15738
Spain,1998,3257,0.814,16473
Spain,1999,3220,0.819,16756
Spain,2000,3391,0.825,15538
Spain,2001,3185,0.828,16169
Spain,2002,3371,0.83,17924
Spain,2003,3477,0.833,22701
Spain,2004,3507,0.837,26372
Spain,2005,3396,0.844,28092
Spain,2006,3245,0.848,30246
Spain,2007,3259,0.853,34769
Spain,2008,3455,0.856,37848
Spain,2009,3428,0.858,34470
Spain,2010,3158,0.865,32839
Spain,2011,3179,0.87,34097
Spain,2012,3538,0.873,30146
Spain,2013,3870,0.875,30792
Spain,2014,3907,0.88,31171
Spain,2015,3603,0.885,27108
Sri Lanka,1985,5613,0.597,431
Sri Lanka,1996,4872,0.655,834
Sri Lanka,1997,5851,0.662,900
Sri Lanka,1998,5478,0.668,935
Sri Lanka,1999,5584,0.676,920
Sri Lanka,2000,5231,0.685,953
Sri Lanka,2001,4575,0.691,912
Sri Lanka,2002,4358,0.697,951
Sri Lanka,2003,4456,0.705,1077
Sri Lanka,2006,4004,0.724,1580
Suriname,2004,66,0.671,3360
Suriname,2005,71,0.676,4009
Suriname,2006,112,0.681,5794
Suriname,2007,116,0.687,6397
Suriname,2008,146,0.691,7601
Suriname,2009,130,0.677,8238
Suriname,2010,134,0.703,9176
Suriname,2011,127,0.706,9184
Suriname,2012,133,0.711,10227
Suriname,2013,131,0.715,10451
Suriname,2014,126,0.718,10530
Sweden,1990,1470,0.816,32246
Sweden,1991,1480,0.818,33623
Sweden,1992,1355,0.821,34721
Sweden,1993,1373,0.84,25880
Sweden,1994,1324,0.849,27658
Sweden,1995,1347,0.856,32072
Sweden,1996,1252,0.863,34819
Sweden,1997,1198,0.874,31821
Sweden,1998,1230,0.888,31966
Sweden,1999,1220,0.893,32328
Sweden,2000,1130,0.897,30896
Sweden,2001,1195,0.9,28429
Sweden,2002,1177,0.902,31175
Sweden,2003,1111,0.908,38997
Sweden,2004,1152,0.896,44831
Sweden,2005,1215,0.899,45563
Sweden,2006,1195,0.902,48977
Sweden,2007,1124,0.905,56531
Sweden,2008,1170,0.901,59155
Sweden,2009,1239,0.899,49070
Sweden,2010,1140,0.905,55352
Sweden,2011,1110,0.906,63380
Sweden,2012,1153,0.908,60776
Sweden,2013,1229,0.912,64133
Sweden,2014,1146,0.92,62956
Sweden,2015,1179,0.929,54629
Sweden,2016,1094,0.932,55594
Switzerland,1995,1419,0.848,51774
Switzerland,1996,1432,0.854,49621
Switzerland,1997,1340,0.864,42923
Switzerland,1998,1369,0.873,43872
Switzerland,1999,1294,0.881,42859
Switzerland,2000,1379,0.889,39952
Switzerland,2001,1337,0.891,40582
Switzerland,2002,1446,0.891,43419
Switzerland,2003,1267,0.896,50639
Switzerland,2004,1284,0.901,56123
Switzerland,2005,1299,0.905,57790
Switzerland,2006,1307,0.912,60536
Switzerland,2007,1359,0.915,66807
Switzerland,2008,1314,0.917,76202
Switzerland,2009,1104,0.927,73529
Switzerland,2010,1006,0.932,78474
Switzerland,2011,1033,0.932,93053
Switzerland,2012,1038,0.935,87951
Switzerland,2013,1070,0.938,89634
Switzerland,2014,1030,0.939,90809
Switzerland,2015,1071,0.942,86068
Thailand,1985,2953,0.539,840
Thailand,1990,3710,0.574,1666
Thailand,1991,3547,0.583,1891
Thailand,1992,3542,0.589,2120
Thailand,1994,2306,0.604,2784
Thailand,1995,4203,0.611,3114
Thailand,1996,4443,0.619,3324
Thailand,1997,4150,0.625,2689
Thailand,1998,4937,0.63,2005
Thailand,1999,5257,0.64,2203
Thailand,2000,5182,0.649,2169
Thailand,2002,4880,0.666,2305
Thailand,2003,4468,0.674,2531
Thailand,2004,4284,0.683,2849
Thailand,2005,3925,0.693,3094
Thailand,2006,3595,0.699,3598
Thailand,2007,3745,0.71,4461
Thailand,2008,3767,0.714,4921
Thailand,2009,3770,0.718,4736
Thailand,2010,3747,0.724,5707
Thailand,2011,3861,0.727,6153
Thailand,2012,3971,0.731,6584
Thailand,2013,3955,0.728,6917
Thailand,2014,3940,0.735,6662
Thailand,2015,4193,0.741,6552
Thailand,2016,4057,0.748,6713
Trinidad and Tobago,1985,29,0.673,7317
Trinidad and Tobago,1990,169,0.672,4656
Trinidad and Tobago,1991,148,0.673,4817
Trinidad and Tobago,1992,163,0.673,4803
Trinidad and Tobago,1993,174,0.675,4066
Trinidad and Tobago,1994,148,0.679,4254
Trinidad and Tobago,1995,184,0.683,4637
Trinidad and Tobago,1996,146,0.69,4982
Trinidad and Tobago,1997,160,0.697,4937
Trinidad and Tobago,1998,170,0.704,5175
Trinidad and Tobago,1999,139,0.711,5803
Trinidad and Tobago,2000,165,0.716,6920
Trinidad and Tobago,2001,179,0.721,7458
Trinidad and Tobago,2002,156,0.728,7578
Trinidad and Tobago,2003,144,0.737,9465
Trinidad and Tobago,2004,168,0.746,11066
Trinidad and Tobago,2005,136,0.752,13258
Trinidad and Tobago,2006,141,0.757,15190
Trinidad and Tobago,2007,131,0.768,17827
Trinidad and Tobago,2008,199,0.773,22857
Trinidad and Tobago,2009,128,0.772,15652
Trinidad and Tobago,2010,160,0.775,18000
Trinidad and Tobago,2011,139,0.773,20557
Turkey,2009,1032,0.718,9773
Turkey,2010,1499,0.734,11525
Turkey,2011,1128,0.753,12237
Turkey,2012,1435,0.76,12671
Turkey,2013,1793,0.771,13603
Turkey,2014,1599,0.778,13170
Turkey,2015,1514,0.783,11961
Turkmenistan,2010,178,0.673,4962
Turkmenistan,2011,130,0.68,6319
Turkmenistan,2012,138,0.686,7498
Turkmenistan,2013,101,0.692,8255
Turkmenistan,2014,136,0.697,9046
Turkmenistan,2015,133,0.701,7326
Ukraine,1990,10639,0.705,1698
Ukraine,1991,10681,0.701,1607
Ukraine,1992,11653,0.692,1525
Ukraine,1993,12449,0.681,1349
Ukraine,1994,13808,0.668,1081
Ukraine,1995,14525,0.664,996
Ukraine,1996,15148,0.661,925
Ukraine,1997,14886,0.663,1046
Ukraine,1998,14764,0.665,879
Ukraine,1999,14349,0.667,666
Ukraine,2000,14446,0.671,663
Ukraine,2001,13115,0.681,812
Ukraine,2002,12523,0.689,920
Ukraine,2003,12296,0.699,1097
Ukraine,2004,11244,0.706,1432
Ukraine,2005,10614,0.715,1917
Ukraine,2006,10004,0.721,2418
Ukraine,2007,10021,0.729,3229
Ukraine,2008,9437,0.733,4104
Ukraine,2009,9696,0.727,2691
Ukraine,2010,9074,0.733,3141
Ukraine,2011,8953,0.738,3788
Ukraine,2012,9038,0.743,4096
Ukraine,2014,7954,0.748,3299
Ukraine,2015,7555,0.743,2256
United Arab Emirates,2005,96,0.825,42196
United Arab Emirates,2006,90,0.83,45110
United Arab Emirates,2007,101,0.835,45285
United Arab Emirates,2008,100,0.838,48457
United Arab Emirates,2009,124,0.835,34960
United Arab Emirates,2010,111,0.836,36964
United Kingdom,1985,5103,0.753,9231
United Kingdom,1990,4643,0.775,20411
United Kingdom,1991,4546,0.788,21201
United Kingdom,1992,4628,0.801,21815
United Kingdom,1993,4460,0.814,19553
United Kingdom,1994,4376,0.827,20927
United Kingdom,1995,4311,0.839,24389
United Kingdom,1996,4165,0.844,25609
United Kingdom,1997,4140,0.849,28091
United Kingdom,1998,4387,0.855,29508
United Kingdom,1999,4447,0.861,29832
United Kingdom,2000,4286,0.867,29358
United Kingdom,2001,4125,0.871,29179
United Kingdom,2002,4112,0.874,31630
United Kingdom,2003,3977,0.878,36289
United Kingdom,2004,4182,0.886,42486
United Kingdom,2005,4043,0.891,44372
United Kingdom,2006,4119,0.889,47163
United Kingdom,2007,3893,0.892,53576
United Kingdom,2008,4253,0.896,50111
United Kingdom,2009,4243,0.899,41074
United Kingdom,2010,4187,0.905,41798
United Kingdom,2011,4389,0.899,44491
United Kingdom,2012,4442,0.898,44585
United Kingdom,2013,4820,0.915,45594
United Kingdom,2014,4782,0.919,49906
United Kingdom,2015,4906,0.918,47240
United States,1985,29373,0.841,19693
United States,1990,30826,0.86,26004
United States,1991,30732,0.861,26503
United States,1992,30389,0.867,27760
United States,1993,30996,0.871,28891
United States,1994,31035,0.875,30375
United States,1995,31195,0.877,31518
United States,1996,30802,0.879,32928
United States,1997,30443,0.881,34644
United States,1998,30475,0.884,36164
United States,1999,29133,0.885,38072
United States,2000,29280,0.885,39218
United States,2001,30542,0.887,40018
United States,2002,31580,0.889,40845
United States,2003,31421,0.893,42468
United States,2004,32330,0.895,44867
United States,2005,32561,0.898,47423
United States,2006,33226,0.901,49666
United States,2007,34543,0.905,51585
United States,2008,35962,0.91,52128
United States,2009,36810,0.91,50563
United States,2010,38275,0.914,51989
United States,2011,39422,0.917,53452
United States,2012,40511,0.918,55170
United States,2013,41000,0.916,56520
United States,2014,42618,0.918,58531
United States,2015,44031,0.92,60387
Uruguay,1985,286,0.667,1729
Uruguay,1990,312,0.692,3281
Uruguay,1993,416,0.703,5180
Uruguay,1994,406,0.709,5984
Uruguay,1995,427,0.711,6555
Uruguay,1996,392,0.717,6914
Uruguay,1997,455,0.727,8012
Uruguay,1998,521,0.735,8420
Uruguay,1999,449,0.737,7903
Uruguay,2000,553,0.742,7483
Uruguay,2001,498,0.746,6827
Uruguay,2002,673,0.747,4439
Uruguay,2003,534,0.75,3929
Uruguay,2004,517,0.754,4463
Uruguay,2005,497,0.756,5655
Uruguay,2006,528,0.761,6362
Uruguay,2007,576,0.762,7581
Uruguay,2008,521,0.766,9793
Uruguay,2009,511,0.778,10166
Uruguay,2010,546,0.773,12882
Uruguay,2012,598,0.79,16264
Uruguay,2013,543,0.797,18179
Uruguay,2014,591,0.801,18012
Uruguay,2015,628,0.8,16696
Uzbekistan,2000,1906,0.595,632
Uzbekistan,2001,1896,0.602,513
Uzbekistan,2002,1557,0.609,428
Uzbekistan,2003,1405,0.614,441
Uzbekistan,2004,1247,0.621,516
Uzbekistan,2005,1211,0.628,606
Uzbekistan,2009,1381,0.659,1332
Uzbekistan,2010,1434,0.666,1533
Uzbekistan,2011,1612,0.674,1767
Uzbekistan,2012,1819,0.683,1964
Uzbekistan,2013,1919,0.69,2150
